Concrete Column ID,Cut off level (mPD),"Alluvium Bottom
(mPD)","Embedded Depth in CD Material 
(m)","Tentative Concrete Column Bottom level 
(mPD)","Concrete Column Length 
(m)","Subbase Height
(500mm)","Foundation level
(mPD)",Actual Founding level,"Casing Top Level
(mPD)","Measuring Depth
(m)","Casing toe in level
(mPD)","Actual Toe Level
(mPD)","Drill Start Date 
(DD/MM/YYYY)","Drill Completed Date
(DD/MM/YYYY)","Concrete Date
(DD/MM/YYYY)",column drilled,Completed,Construction_Stage,X_Coord,Y_Coord
BH2_1_C1,0.875,-31.0,10.0,-41.0,41.875,0.5,-41.5,,,,,,,,,,,Not Started,19.247240713084175,45.743219511022424
BH2_1_C2,0.875,-30.8,5.2,-36.0,36.875,0.5,-36.5,,,,,,,,,,,Not Started,22.704285838459498,18.50793501277222
BH2_1_C3,0.875,-31.0,10.0,-41.0,41.875,0.5,-41.5,,,,,,,,,,,Not Started,21.39196365086843,0.7728308264433714
BH2_1_C4,0.875,-30.8,3.2,-34.0,34.875,0.5,-34.5,,,,,,,,,,,Not Started,20.59195090518222,46.415928129386266
BH2_1_C5,0.875,-31.0,3.0,-34.0,34.875,0.5,-34.5,,,,,,,,,,,Not Started,17.93611184265462,21.409207415865716
BH2_1_C6,0.875,-30.7,3.3,-34.0,34.875,0.5,-34.5,,,,,,,,,,,Not Started,17.935967122017217,48.33274095218348
BH2_2_C1,0.875,-30.4,10.6,-41.0,41.875,0.5,-41.5,,,,,,,,,,,Not Started,17.348501673009196,48.18099885446264
BH2_2_C2,0.875,-30.0,8.0,-38.0,38.875,0.5,-38.5,,,,,,,,,,,Not Started,22.19705687464961,42.650472773368
BH2_2_C3,0.875,-31.0,10.0,-41.0,41.875,0.5,-41.5,,,,,,,,,,,Not Started,20.60669007045925,14.722444603479284
BH2_2_C4,0.875,-30.5,7.5,-38.0,38.875,0.5,-38.5,,,,,,,,,,,Not Started,21.24843546677627,19.254886430096263
BH2_3_C1,0.875,-28.2,10.8,-39.0,39.875,0.5,-39.5,,,,,,,,,,,Not Started,17.123506965774816,42.556833575842845
BH2_3_C2,0.875,-28.2,5.8,-34.0,34.875,0.5,-34.5,,,,,,,,,,,Not Started,22.819459112971966,15.846100257813884
BH2_3_C3,0.875,-29.2,11.8,-41.0,41.875,0.5,-41.5,,,,,,,,,,,Not Started,21.99465584480253,8.474637334304624
BH2_3_C4,0.875,-29.1,7.9,-37.0,37.875,0.5,-37.5,,,,,,,,,,,Not Started,18.274034664069656,27.840063122917506
BH5_1_C1,0.875,-27.7,11.3,-39.88,40.755,0.5,-40.38,,,,,,,,,,,Not Started,48.0909498032426,46.80773870803905
BH5_1_C2,0.875,-28.2,4.8,-33.39,34.265,0.5,-33.89,,,,,,,,,,,Not Started,48.100427059120605,34.80148983374865
BH5_1_C3,0.875,-27.7,13.3,-43.77,44.645,0.5,-44.27,,,,,,,,,,,Not Started,48.82545345775723,28.50305850446825
BH5_1_C4,0.875,-28.5,8.5,-37.09,37.965,0.5,-37.59,,,,,,,,,,,Not Started,50.148538589793425,4.8588246885384265
BH5_1_C5,0.875,-28.0,13.0,-41.0,41.875,0.5,-41.5,,,,,,,,,,,Not Started,49.59167011185269,30.750361334958487
BH5_1_C6,0.875,-29.0,8.0,-36.58,37.455,0.5,-37.08,,,,,,,,,,,Not Started,48.747374841188254,49.50269250521316
BH5_1_C7,0.875,-29.0,12.0,-41.0,41.875,0.5,-41.5,,,,,,,,,,,Not Started,50.67111736833428,7.004200761826201
BH5_1_C8,0.875,-30.1,7.9,-38.0,38.875,0.5,-38.5,,,,,,,,,,,Not Started,47.83696316391225,25.916482618186837
BH5_2_C1,0.875,-28.5,3.5,-32.09,32.965,0.5,-32.59,,,,,,,,,,,Not Started,48.75286789121131,43.86865359639777
BH5_2_C2,0.875,-28.5,3.5,-32.09,32.965,0.5,-32.59,,,,,,,,,,,Not Started,49.19817105976215,37.03843088771022
BH5_2_C3,0.875,-28.5,3.5,-32.09,32.965,0.5,-32.59,,,,,,,,,,,Not Started,49.73641990530221,34.8507870497634
BH5_2_C4,0.875,-28.5,3.5,-32.09,32.965,0.5,-32.59,,,,,,,,,,,Not Started,51.71105576835808,35.12420419935546
BH5_2_C5,0.875,-28.5,3.5,-32.09,32.965,0.5,-32.59,,,,,,,,,,,Not Started,48.19804269295016,17.97455756098776
BH5_2_C6,0.875,-28.5,3.5,-32.09,32.965,0.5,-32.59,,,,,,,,,,,Not Started,50.08540663048167,14.679592213224668
BH5_2_C7,0.875,-29.1,3.9,-33.0,33.875,0.5,-33.5,,,,,,,,,,,Not Started,50.554487413172254,40.46805777392568
BH5_2_C8,0.875,-29.0,3.0,-32.0,32.875,0.5,-32.5,,,,,,,,,,,Not Started,47.278702476319985,40.50566973395904
BH5_2_C9,0.875,-28.9,3.1,-32.0,32.875,0.5,-32.5,,,,,,,,,,,Not Started,50.64526911140863,43.35361592900519
BH5_2_C10,0.875,-30.5,3.5,-34.0,34.875,0.5,-34.5,,,,,,,,,,,Not Started,48.02314474212375,45.66202762782356
BH5_2_C11,0.875,-30.3,3.7,-34.0,34.875,0.5,-34.5,,,,,,,,,,,Not Started,47.39030955791168,25.56711994304689
BH5_2_C12,0.875,-29.8,4.2,-34.0,34.875,0.5,-34.5,,,,,,,,,,,Not Started,52.69331322352,25.07581473435998
BH11_C1,0.875,-30.0,7.0,-37.0,37.875,0.5,-37.5,,,,,,,,,,,Not Started,112.79379219844736,39.91475894833876
BH11_C2,0.875,-31.0,3.0,-34.0,34.875,0.5,-34.5,,,,,,,,,,,Not Started,111.85038408869876,32.49819653888826
BH11_C3,0.875,-31.0,3.0,-34.0,34.875,0.5,-34.5,,,,,,,,,,,Not Started,108.82768261504022,35.098343862885166
BH11_C4,0.875,-31.0,3.0,-34.0,34.875,0.5,-34.5,,,,,,,,,,,Not Started,107.5860326840383,39.789633471805054
BH11_C5,0.875,-30.5,3.5,-34.0,34.875,0.5,-34.5,,,,,,,,,,,Not Started,111.10539815907295,44.50026709087832
BH11_C6,0.875,-30.0,4.0,-34.0,34.875,0.5,-34.5,,,,,,,,,,,Not Started,109.6409149624376,16.89975784257679
BH11_C7,0.875,-31.0,3.0,-34.0,34.875,0.5,-34.5,,,,,,,,,,,Not Started,107.73222940906868,18.7791476319972
BH11_C8,0.875,-31.0,3.0,-34.0,34.875,0.5,-34.5,,,,,,,,,,,Not Started,109.97106146066763,4.69909699204345
BH11_C9,0.875,-31.0,3.0,-34.0,34.875,0.5,-34.5,,,,,,,,,,,Not Started,107.20633112669131,28.9140070498087
BH11_C10,0.875,-30.5,3.5,-34.0,34.875,0.5,-34.5,,,,,,,,,,,Not Started,112.45592241247269,1.7971136898371043
BH12_1_C1,0.875,-36.0,11.0,-47.0,47.875,0.5,-47.5,,,,,,,,,,,Not Started,118.5526798896001,23.27990090662301
BH12_1_C2,-0.205,-31.9,17.1,-49.0,48.795,0.5,-49.5,,,,,,,,,,,Not Started,120.9751337061239,27.13223173537883
BH12_1_C3,-0.205,-28.5,20.5,-50.97,50.765,0.5,-51.47,,,,,,,,,,,Not Started,118.87026645653647,14.32706260641422
BH12_1_C4,-0.205,-26.9,21.1,-51.57,51.365,0.5,-52.07,,,,,,,,,,,Not Started,120.12040812706687,29.541663028450536
BH12_1_C5,0.875,-36.0,13.0,-49.0,49.875,0.5,-49.5,,,,,,,,,,,Not Started,120.28026167605968,1.5250124969524714
BH12_1_C6,-0.205,-31.5,18.5,-50.0,49.795,0.5,-50.5,,,,,,,,,,,Not Started,118.10912673315316,1.8674094374607209
BH12_1_C7,-0.205,-27.5,22.5,-54.1,53.895,0.5,-54.6,,,,,,,,,,,Not Started,122.81750776658735,41.13002803298291
BH12_1_C8,-0.205,-26.0,24.0,-50.0,49.795,0.5,-50.5,,,,,,,,,,,Not Started,121.65079694016669,18.009532070563143
BH12_1_C9,0.875,-35.8,12.2,-48.0,48.875,0.5,-48.5,,,,,,,,,,,Not Started,122.63699364938513,6.353025632594239
BH12_1_C10,-0.205,-31.3,17.7,-49.0,48.795,0.5,-49.5,,,,,,,,,,,Not Started,122.3689641025659,26.112163002740218
BH12_1_C11,-0.205,-27.5,22.5,-52.87,52.665,0.5,-53.37,,,,,,,,,,,Not Started,120.58739987286651,38.499677654930544
BH12_1_C12,-0.205,-26.0,24.0,-50.0,49.795,0.5,-50.5,,,,,,,,,,,Not Started,122.5312454101387,10.791051374842159
BH12_1_C13,0.875,-35.2,12.8,-48.0,48.875,0.5,-48.5,,,,,,,,,,,Not Started,117.53095501231152,31.144523790950014
BH12_1_C14,-0.205,-32.0,17.0,-49.0,48.795,0.5,-49.5,,,,,,,,,,,Not Started,118.17589717451487,4.2673732496884
BH12_1_C15,-0.205,-29.0,21.0,-50.0,49.795,0.5,-50.5,,,,,,,,,,,Not Started,117.27136373346323,2.584086058430385
BH12_1_C16,-0.205,-27.2,22.8,-50.0,49.795,0.5,-50.5,,,,,,,,,,,Not Started,118.95198198457959,26.5677315784074
BH12_2_C1,-0.205,-26.3,22.7,-53.21,53.005,0.5,-53.71,,,,,,,,,,,Not Started,119.3320637381369,27.031756080505325
BH12_2_C2,-0.205,-26.5,21.5,-52.01,51.805,0.5,-52.51,,,,,,,,,,,Not Started,118.62809419064338,31.871495074910328
BH12_2_C3,-0.205,-27.1,18.9,-49.41,49.205,0.5,-49.91,,,,,,,,,,,Not Started,121.97242505491158,36.30456668613308
BH12_2_C4,-0.205,-26.0,24.0,-50.0,49.795,0.5,-50.5,,,,,,,,,,,Not Started,119.14051996016154,48.79260397312673
BH12_2_C5,-0.205,-26.2,23.8,-50.0,49.795,0.5,-50.5,,,,,,,,,,,Not Started,118.68560705812429,25.815017415059767
BH12_2_C6,-0.205,-26.8,21.2,-48.0,47.795,0.5,-48.5,,,,,,,,,,,Not Started,120.25617649894949,16.1478236470623
BH12_2_C7,-0.205,-26.0,24.0,-50.0,49.795,0.5,-50.5,,,,,,,,,,,Not Started,117.84554534984858,39.759309738435185
BH12_2_C8,-0.205,-26.4,23.6,-50.0,49.795,0.5,-50.5,,,,,,,,,,,Not Started,121.81318188452424,13.541612563103712
BH12_2_C9,-0.205,-27.1,21.9,-49.0,48.795,0.5,-49.5,,,,,,,,,,,Not Started,117.44730386207863,21.948571035281805
BH12_2_C10,-0.205,-26.8,23.2,-50.0,49.795,0.5,-50.5,,,,,,,,,,,Not Started,122.9213216196031,3.9228190671132976
BH12_2_C11,-0.205,-27.0,22.0,-49.0,48.795,0.5,-49.5,,,,,,,,,,,Not Started,121.63346861577995,1.2675371707728755
BH12_2_C12,-0.205,-27.9,20.1,-48.0,47.795,0.5,-48.5,,,,,,,,,,,Not Started,118.19229408920503,48.132420733896254
BH13_1_C1,0.875,-43.0,4.0,-47.0,47.875,0.5,-47.5,,,,,,,,,,,Not Started,127.03313270274161,41.79900602561029
BH13_1_C2,0.125,-44.2,3.8,-48.0,48.125,0.5,-48.5,,,,,,,,,,,Not Started,131.892768570729,34.798710304684896
BH13_1_C3,0.125,-44.5,3.5,-48.0,48.125,0.5,-48.5,,,,,,,,,,,Not Started,131.2411440630857,20.447647220713495
BH13_1_C4,0.875,-43.0,3.0,-46.0,46.875,0.5,-46.5,,,,,,,,,,,Not Started,131.37404300824593,8.664716003542289
BH13_1_C5,0.875,-40.0,3.0,-43.0,43.875,0.5,-43.5,,,,,,,,,,,Not Started,131.62762208011569,7.8218521335543025
BH13_1_C6,0.875,-41.0,5.0,-46.0,46.875,0.5,-46.5,,,,,,,,,,,Not Started,127.44426791040455,12.512144908229766
BH13_1_C7,0.125,-44.7,3.3,-48.0,48.125,0.5,-48.5,,,,,,,,,,,Not Started,129.15079437126565,27.461333235306025
BH13_1_C8,0.125,-45.0,4.0,-49.0,49.125,0.5,-49.5,,,,,,,,,,,Not Started,127.69521435715077,35.72979613500312
BH13_1_C9,0.875,-44.0,3.0,-47.0,47.875,0.5,-47.5,,,,,,,,,,,Not Started,132.17862055525356,33.009868835886564
BH13_1_C10,0.875,-40.4,3.6,-44.0,44.875,0.5,-44.5,,,,,,,,,,,Not Started,130.73978876096535,13.996694847297142
BH13_2_C1,0.875,-35.0,3.0,-38.0,38.875,0.5,-38.5,,,,,,,,,,,Not Started,128.9853881491159,47.743264033159704
BH13_2_C2,0.875,-40.0,3.0,-43.0,43.875,0.5,-43.5,,,,,,,,,,,Not Started,127.38135010171614,36.89484583478843
BH13_2_C3,0.875,-44.0,3.0,-47.0,47.875,0.5,-47.5,,,,,,,,,,,Not Started,128.86589393029396,27.717702625570034
BH13_2_C4,0.875,-43.0,3.0,-46.0,46.875,0.5,-46.5,,,,,,,,,,,Not Started,128.95109993216047,30.58603731171761
BH13_2_C5,0.875,-39.9,3.1,-43.0,43.875,0.5,-43.5,,,,,,,,,,,Not Started,131.37763707002838,20.980003121389494
BH13_2_C6,0.875,-30.8,3.2,-34.0,34.875,0.5,-34.5,,,,,,,,,,,Not Started,130.82534482813128,12.386549475057873
BH13_2_C7,0.875,-35.8,3.2,-39.0,39.875,0.5,-39.5,,,,,,,,,,,Not Started,132.32327645545797,17.798633932563078
BH13_2_C8,0.875,-40.5,3.5,-44.0,44.875,0.5,-44.5,,,,,,,,,,,Not Started,129.8332895509717,37.892305523218454
BH13_2_C9,0.875,-41.0,3.0,-44.0,44.875,0.5,-44.5,,,,,,,,,,,Not Started,127.71756547562981,0.7196744314877934
BH13_2_C10,0.875,-38.2,3.8,-42.0,42.875,0.5,-42.5,,,,,,,,,,,Not Started,131.27946872333797,5.803632025345812
BH14_1_C1,0.875,-38.0,3.0,-41.0,41.875,0.5,-41.5,,,,,,,,,,,Not Started,141.56471029170137,2.3001321010876374
BH14_1_C2,0.875,-41.6,3.4,-45.0,45.875,0.5,-45.5,,,,,,,,,,,Not Started,140.36766318541697,2.0364401159485066
BH14_1_C3,0.875,-38.0,4.0,-42.0,42.875,0.5,-42.5,,,,,,,,,,,Not Started,141.62580307972738,42.77302920055036
BH14_1_C4,0.875,-41.0,4.0,-45.0,45.875,0.5,-45.5,,,,,,,,,,,Not Started,139.96277357818636,35.18289296900118
BH14_2_C1,0.875,-34.5,3.5,-38.0,38.875,0.5,-38.5,,,,,,,,,,,Not Started,140.13639697629196,23.70869145436626
BH14_2_C2,0.875,-33.0,5.0,-38.0,38.875,0.5,-38.5,,,,,,,,,,,Not Started,139.5652461101513,4.891708032550074
BH14_2_C3,0.875,-31.5,5.5,-37.0,37.875,0.5,-37.5,,,,,,,,,,,Not Started,137.15251476046458,24.58079375584162
BH14_2_C4,0.875,-29.0,10.0,-39.0,39.875,0.5,-39.5,,,,,,,,,,,Not Started,137.64734856195983,23.673588539028284
BH15_C1,0.375,-27.1,3.9,-31.0,31.375,0.5,-31.5,,,,,,,,,,,Not Started,147.1885751141204,8.660093495500758
BH15_C2,0.375,-26.5,8.5,-35.0,35.375,0.5,-35.5,,,,,,,,,,,Not Started,150.8184624675827,21.692582461898652
BH15_C3,0.875,-28.8,5.2,-34.0,34.875,0.5,-34.5,,,,,,,,,,,Not Started,148.88613588645796,19.92523671986867
BH15_C4,0.875,-33.4,3.6,-37.0,37.875,0.5,-37.5,,,,,,,,,,,Not Started,150.0514241469882,30.792504902610823
BH15_C5,0.375,-31.5,3.5,-35.0,35.375,0.5,-35.5,,,,,,,,,,,Not Started,152.44539884355655,31.75468254338219
BH15_C6,0.375,-31.5,5.5,-37.0,37.375,0.5,-37.5,,,,,,,,,,,Not Started,148.49575337489324,2.265200488602226
BH15_C7,0.875,-32.2,4.8,-37.0,37.875,0.5,-37.5,,,,,,,,,,,Not Started,149.4622975382138,18.73063073132356
BH15_C8,0.875,-35.0,4.0,-39.0,39.875,0.5,-39.5,,,,,,,,,,,Not Started,151.5333068312583,31.29299578571182
BH16_C1,0.875,-36.5,3.5,-40.0,40.875,0.5,-40.5,,,,,,,,,,,Not Started,158.37278899294972,25.156812929004385
BH16_C2,0.875,-37.0,3.0,-40.0,40.875,0.5,-40.5,,,,,,,,,,,Not Started,157.46187945897276,42.824492059416116
BH16_C3,0.875,-36.0,3.0,-39.0,39.875,0.5,-39.5,,,,,,,,,,,Not Started,158.7385087174826,32.93468158094725
BH16_C4,0.875,-34.5,3.5,-38.0,38.875,0.5,-38.5,,,,,,,,,,,Not Started,157.96732772352402,8.146721354071484
BH16_C5,0.875,-40.8,3.2,-44.0,44.875,0.5,-44.5,,,,,,,,,,,Not Started,162.57818591405544,3.528437370021492
BH16_C6,0.875,-41.0,3.0,-44.0,44.875,0.5,-44.5,,,,,,,,,,,Not Started,161.8487222773865,32.12096391031578
BH16_C7,0.875,-37.9,3.1,-41.0,41.875,0.5,-41.5,,,,,,,,,,,Not Started,160.80042253906254,1.3255655270810907
BH16_C8,0.875,-34.5,3.5,-38.0,38.875,0.5,-38.5,,,,,,,,,,,Not Started,162.2287635411263,29.288779063673164
BH16_C9,0.875,-41.0,3.0,-44.0,44.875,0.5,-44.5,,,,,,,,,,,Not Started,161.82203246139468,47.01151207124788
BH16_C10,0.875,-40.0,3.0,-43.0,43.875,0.5,-43.5,,,,,,,,,,,Not Started,158.1194203533162,28.77370889379395
BH16_C11,0.875,-37.5,3.5,-41.0,41.875,0.5,-41.5,,,,,,,,,,,Not Started,162.35535399093988,19.408496310326097
BH16_C12,0.875,-33.2,3.8,-37.0,37.875,0.5,-37.5,,,,,,,,,,,Not Started,160.23605345149392,32.16441092211766
BH19_C1,0.875,-40.0,3.0,-43.0,43.875,0.5,-43.5,,,,,,,,,,,Not Started,191.84464093098438,22.912644524575832
BH19_C2,0.875,-39.0,3.0,-42.0,42.875,0.5,-42.5,,,,,,,,,,,Not Started,192.37654779954096,27.280839465796745
BH19_C3,0.875,-35.0,3.0,-38.0,38.875,0.5,-38.5,,,,,,,,,,,Not Started,188.9080208498312,47.07324043882626
BH19_C4,0.875,-31.0,3.0,-34.0,34.875,0.5,-34.5,,,,,,,,,,,Not Started,187.66031154716606,19.305131890038712
BH19_C5,0.875,-38.5,3.5,-42.0,42.875,0.5,-42.5,,,,,,,,,,,Not Started,188.36761097525164,48.05952819119571
BH19_C6,0.875,-37.0,3.0,-40.0,40.875,0.5,-40.5,,,,,,,,,,,Not Started,189.56264673175752,45.26753209780318
BH19_C7,0.875,-33.0,3.0,-36.0,36.875,0.5,-36.5,,,,,,,,,,,Not Started,191.90808859553496,9.789556739464821
BH19_C8,0.875,-30.0,4.0,-34.0,34.875,0.5,-34.5,,,,,,,,,,,Not Started,192.16438349953805,3.4680650437582727
BH19_C9,0.875,-36.9,4.1,-41.0,41.9,0.5,-41.5,,,,,,,,,,,Not Started,187.04171278318714,5.038900068871333
BH19_C10,0.875,-35.5,4.5,-40.0,40.9,0.5,-40.5,,,,,,,,,,,Not Started,190.0644838154654,0.9110912825774864
BH19_C11,0.875,-32.8,3.2,-36.0,36.9,0.5,-36.5,,,,,,,,,,,Not Started,189.50446601889269,4.72214803779642
BH19_C12,0.875,-30.5,3.5,-34.0,34.9,0.5,-34.5,,,,,,,,,,,Not Started,188.3326468628244,34.150338670817845
BH20_1_C1,-0.295,-30.5,6.5,-37.0,36.7,0.5,-37.5,,,,,,,,,,,Not Started,197.7191922040021,3.559432423011449
BH20_1_C2,-0.295,-33.0,5.0,-38.0,37.7,0.5,-38.5,,,,,,,,,,,Not Started,199.02569102842176,15.948781514688065
BH20_1_C3,-0.295,-32.5,6.5,-39.0,38.7,0.5,-39.5,,,,,,,,,,,Not Started,202.65745822347512,42.24376554847273
BH20_1_C4,-0.295,-31.5,5.5,-37.0,36.7,0.5,-37.5,,,,,,,,,,,Not Started,198.93921759212452,1.1635967867912933
BH20_1_C5,-0.295,-33.0,4.0,-37.0,36.7,0.5,-37.5,,,,,,,,,,,Not Started,200.1127437304602,40.72342412944679
BH20_1_C6,-0.295,-32.5,5.5,-38.0,37.7,0.5,-38.5,,,,,,,,,,,Not Started,201.21811375337106,14.092738738669997
BH20_2_C1,0.875,-30.5,3.5,-34.0,34.9,0.5,-34.5,,,,,,,,,,,Not Started,199.18177761427577,5.908241381082813
BH20_2_C2,0.875,-29.5,6.5,-36.0,36.9,0.5,-36.5,,,,,,,,,,,Not Started,202.83069249632575,34.836858268207536
BH20_2_C3,0.875,-30.5,6.5,-37.0,37.9,0.5,-37.5,,,,,,,,,,,Not Started,202.77468376965265,31.4471423389942
BH20_2_C4,-0.295,-30.5,4.5,-35.0,34.7,0.5,-35.5,,,,,,,,,,,Not Started,198.5106937749522,43.873600676352645
BH20_2_C5,-0.295,-31.0,6.0,-37.0,36.7,0.5,-37.5,,,,,,,,,,,Not Started,199.98349103535432,36.75355219019429
BH20_2_C6,-0.295,-31.5,6.5,-38.0,37.7,0.5,-38.5,,,,,,,,,,,Not Started,198.80526985890063,40.17404651924243
BH21_C1,0.875,-33.1,3.9,-37.0,37.9,0.5,-37.5,,,,,,,,,,,Not Started,208.7090429662648,14.101728628565324
BH21_C2,0.875,-35.5,3.5,-39.0,39.9,0.5,-39.5,,,,,,,,,,,Not Started,207.2213216841272,8.871977188986142
BH21_C3,0.875,-36.5,3.5,-40.0,40.9,0.5,-40.5,,,,,,,,,,,Not Started,210.65738600387937,37.53073758204292
BH21_C4,0.875,-36.0,3.0,-39.0,39.9,0.5,-39.5,,,,,,,,,,,Not Started,210.01607413937316,40.3417369633632
BH21_C5,0.875,-32.0,4.0,-36.0,36.9,0.5,-36.5,,,,,,,,,,,Not Started,207.30887250749993,49.52525710003366
BH21_C6,0.875,-32.5,4.5,-37.0,37.9,0.5,-37.5,,,,,,,,,,,Not Started,208.67187878541966,20.630883845571326
BH21_C7,0.875,-33.0,5.0,-38.0,38.9,0.5,-38.5,,,,,,,,,,,Not Started,212.4495953157999,18.600904289639157
BH21_C8,0.875,-33.8,4.2,-38.0,38.9,0.5,-38.5,,,,,,,,,,,Not Started,208.43737134400183,38.82064803709984
BH21_C9,0.875,-31.5,3.5,-35.0,35.9,0.5,-35.5,,,,,,,,,,,Not Started,207.86936923254734,17.040177012650894
BH21_C10,0.875,-31.0,5.0,-36.0,36.9,0.5,-36.5,,,,,,,,,,,Not Started,209.93671656166538,46.537866280178235
BH21_C11,0.875,-31.0,6.0,-37.0,37.9,0.5,-37.5,,,,,,,,,,,Not Started,212.91390272466361,42.92063759215059
BH21_C12,0.875,-32.0,6.0,-38.0,38.9,0.5,-38.5,,,,,,,,,,,Not Started,208.452331629069,21.44970136875092
BH21_C13,0.875,-31.5,4.5,-36.0,36.9,0.5,-36.5,,,,,,,,,,,Not Started,211.03281328443526,37.54355338957487
BH21_C14,0.875,-31.0,6.0,-37.0,37.9,0.5,-37.5,,,,,,,,,,,Not Started,211.5697176919723,37.727143704234116
BH21_C15,0.875,-31.0,7.0,-38.0,38.9,0.5,-38.5,,,,,,,,,,,Not Started,208.4258252639544,5.15619344179663
BH21_C16,0.875,-31.0,4.0,-35.0,35.9,0.5,-35.5,,,,,,,,,,,Not Started,211.36929809167117,45.127645333978336
BH22_1_C1,0.875,-34.8,15.2,-50.0,50.9,0.5,-50.5,,,,,,,,,,,Not Started,219.20669879631552,25.262618622392857
BH22_1_C2,0.875,-33.6,17.4,-51.0,51.9,0.5,-51.5,,,,,,,,,,,Not Started,220.79383498356148,41.322873305387084
BH22_1_C3,0.875,-30.5,20.5,-51.0,51.9,0.5,-51.5,,,,,,,,,,,Not Started,220.80117826456538,16.002480051530586
BH22_1_C4,0.875,-33.2,16.8,-50.0,50.9,0.5,-50.5,,,,,,,,,,,Not Started,220.21464810444854,44.77616142481003
BH22_1_C5,0.875,-33.0,17.0,-50.0,50.9,0.5,-50.5,,,,,,,,,,,Not Started,217.54173862032644,19.460083936708156
BH22_1_C6,0.875,-31.9,17.1,-49.0,49.9,0.5,-49.5,,,,,,,,,,,Not Started,222.01181497353542,0.541882574014918
BH22_1_C7,0.875,-32.7,17.3,-50.0,50.9,0.5,-50.5,,,,,,,,,,,Not Started,218.92468038983043,45.26909882096318
BH22_1_C8,0.875,-32.7,17.3,-50.0,50.9,0.5,-50.5,,,,,,,,,,,Not Started,218.11911106239913,4.564333839306678
BH22_1_C9,0.875,-32.0,16.0,-48.0,48.9,0.5,-48.5,,,,,,,,,,,Not Started,217.2446508493286,15.965681879520744
BH22_1_C10,0.875,-31.6,14.4,-46.0,46.9,0.5,-46.5,,,,,,,,,,,Not Started,220.54535765912945,47.50309835254025
BH22_1_C11,0.875,-31.8,14.2,-46.0,46.9,0.5,-46.5,,,,,,,,,,,Not Started,221.0653861710537,47.53035734687781
BH22_1_C12,0.875,-31.0,15.0,-46.0,46.9,0.5,-46.5,,,,,,,,,,,Not Started,217.09952697356715,28.671894406164306
BH22_2_C1,0.875,-29.0,22.0,-51.0,51.9,0.5,-51.5,,,,,,,,,,,Not Started,220.07255834979568,31.591860608489963
BH22_2_C2,0.875,-30.0,20.0,-50.0,50.9,0.5,-50.5,,,,,,,,,,,Not Started,218.35897465118762,22.42227609891599
BH22_2_C3,0.875,-30.5,18.5,-49.0,49.9,0.5,-49.5,,,,,,,,,,,Not Started,220.8710367424567,14.660538584903227
BH22_2_C4,0.875,-29.5,17.5,-47.0,47.9,0.5,-47.5,,,,,,,,,,,Not Started,218.04619857402994,16.4332272684958
BH22_3_C1,0.875,-27.9,23.1,-51.0,51.9,0.5,-51.5,,,,,,,,,,,Not Started,221.1456264286148,33.62592280385192
BH22_3_C2,0.875,-27.9,23.1,-51.0,51.9,0.5,-51.5,,,,,,,,,,,Not Started,219.3204120778032,37.618726471884
BH22_3_C3,0.875,-28.7,21.3,-50.0,50.9,0.5,-50.5,,,,,,,,,,,Not Started,222.6203799324204,39.578952186292426
BH22_3_C4,0.875,-28.5,22.5,-51.0,51.9,0.5,-51.5,,,,,,,,,,,Not Started,217.82512566487597,39.48090713972769
BH22_3_C5,0.875,-28.5,21.5,-50.0,50.9,0.5,-50.5,,,,,,,,,,,Not Started,219.04639810630155,4.560305152434518
BH22_3_C6,0.875,-28.5,20.5,-49.0,49.9,0.5,-49.5,,,,,,,,,,,Not Started,217.68084112744353,24.721015235129073
BH22_3_C7,0.875,-28.5,21.5,-50.0,50.9,0.5,-50.5,,,,,,,,,,,Not Started,222.54816170967138,2.877938000832214
BH22_3_C8,0.875,-27.8,21.2,-49.0,49.9,0.5,-49.5,,,,,,,,,,,Not Started,222.26403612028588,27.476444116186777
BH22_3_C9,0.875,-28.0,20.0,-48.0,48.9,0.5,-48.5,,,,,,,,,,,Not Started,218.54764976629093,22.07652506866885
BH22_3_C10,0.875,-29.0,18.0,-47.0,47.9,0.5,-47.5,,,,,,,,,,,Not Started,220.95990427620507,44.38520913791499
BH22_3_C11,0.875,-27.8,21.2,-49.0,49.9,0.5,-49.5,,,,,,,,,,,Not Started,221.9033332012073,17.545750627603933
BH22_3_C12,0.875,-26.8,21.2,-48.0,48.9,0.5,-48.5,,,,,,,,,,,Not Started,220.33120486959677,5.853350821380293
BH22_3_C13,0.875,-27.0,20.0,-47.0,47.9,0.5,-47.5,,,,,,,,,,,Not Started,220.17790347013604,7.149584102641793
BH22_3_C14,0.875,-28.2,17.8,-46.0,46.9,0.5,-46.5,,,,,,,,,,,Not Started,218.45111374540272,38.07553158587361
BH23_1_C1,0.875,-28.2,16.8,-45.0,45.9,0.5,-45.5,,,,,,,,,,,Not Started,227.5586166068354,30.910903165813053
BH23_1_C2,0.875,-27.1,20.9,-48.0,48.9,0.5,-48.5,,,,,,,,,,,Not Started,232.38329454771997,5.0561338061395125
BH23_1_C3,0.875,-26.5,20.5,-47.0,47.9,0.5,-47.5,,,,,,,,,,,Not Started,232.40250834297998,4.205340305749871
BH23_1_C4,0.875,-28.5,15.5,-44.0,44.9,0.5,-44.5,,,,,,,,,,,Not Started,230.79860874363962,35.048456572956
BH23_1_C5,0.875,-27.5,21.5,-49.0,49.9,0.5,-49.5,,,,,,,,,,,Not Started,229.0341787462922,3.6381503182096764
BH23_1_C6,0.875,-27.0,20.0,-47.0,47.9,0.5,-47.5,,,,,,,,,,,Not Started,229.09525744767598,41.09300296451781
BH23_1_C7,0.875,-29.0,17.0,-46.0,46.9,0.5,-46.5,,,,,,,,,,,Not Started,231.35573407322144,35.31211135782481
BH23_1_C8,0.875,-28.2,20.8,-49.0,49.9,0.5,-49.5,,,,,,,,,,,Not Started,232.38266155971547,4.067439032094988
BH23_1_C9,0.875,-27.9,20.1,-48.0,48.9,0.5,-48.5,,,,,,,,,,,Not Started,232.3225185455907,4.241885704259596
BH23_2_C1,0.875,-28.5,16.5,-45.0,45.9,0.5,-45.5,,,,,,,,,,,Not Started,231.67925327514575,49.33197892505877
BH23_2_C2,0.875,-27.2,20.8,-48.0,48.9,0.5,-48.5,,,,,,,,,,,Not Started,230.85218987692573,18.713539787806017
BH23_2_C3,0.875,-26.2,19.8,-46.0,46.9,0.5,-46.5,,,,,,,,,,,Not Started,227.5048397899703,18.532107353344546
BH23_2_C4,0.875,-28.5,17.5,-46.0,46.9,0.5,-46.5,,,,,,,,,,,Not Started,227.96977228456768,40.63997836287513
BH23_2_C5,0.875,-26.9,22.1,-49.0,49.9,0.5,-49.5,,,,,,,,,,,Not Started,232.3913251311625,47.36242886919293
BH23_2_C6,0.875,-26.0,22.0,-48.0,48.9,0.5,-48.5,,,,,,,,,,,Not Started,230.63857435795754,49.30005319114355
BH23_3_C1,0.875,-26.5,23.5,-50.0,50.9,0.5,-50.5,,,,,,,,,,,Not Started,227.05518230969977,37.66890926294708
BH23_3_C2,0.875,-27.3,17.7,-45.0,45.9,0.5,-45.5,,,,,,,,,,,Not Started,227.6088292571962,18.81297927654579
BH23_3_C3,0.875,-27.0,20.0,-47.0,47.9,0.5,-47.5,,,,,,,,,,,Not Started,230.98101061464834,4.175035834933438
BH23_3_C4,0.875,-27.5,17.5,-45.0,45.9,0.5,-45.5,,,,,,,,,,,Not Started,227.0303695030773,38.85734579637184
BH23_3_C5,0.875,-27.7,22.3,-50.0,50.9,0.5,-50.5,,,,,,,,,,,Not Started,227.964848308505,27.920212486790252
BH23_3_C6,0.875,-27.9,17.1,-45.0,45.9,0.5,-45.5,,,,,,,,,,,Not Started,230.2924027361995,21.211100462348814
BH23_4_C1,0.875,-26.5,20.5,-47.0,47.9,0.5,-47.5,,,,,,,,,,,Not Started,231.15137118615615,45.3177192547368
BH23_4_C2,0.875,-27.9,16.1,-44.0,44.9,0.5,-44.5,,,,,,,,,,,Not Started,230.9117675570156,5.559874115307567
BH23_4_C3,0.875,-26.5,23.5,-50.0,50.9,0.5,-50.5,,,,,,,,,,,Not Started,228.34561585676335,24.631255214542957
BH23_4_C4,0.875,-27.3,16.7,-44.0,44.9,0.5,-44.5,,,,,,,,,,,Not Started,231.2730753280852,0.5676822383709534
BH24_1_C1,0.875,-31.4,3.6,-35.0,35.9,0.5,-35.5,,,,,,,,,,,Not Started,238.4234945249808,23.433032099706313
BH24_1_C2,0.875,-31.4,3.6,-35.0,35.9,0.5,-35.5,,,,,,,,,,,Not Started,238.9523981889556,2.8151637840918675
BH24_1_C3,0.875,-31.4,3.6,-35.0,35.9,0.5,-35.5,,,,,,,,,,,Not Started,241.47894843070816,5.940895813403596
BH24_1_C4,0.875,-31.4,5.6,-37.0,37.9,0.5,-37.5,,,,,,,,,,,Not Started,240.8977973942833,5.876312338855244
BH24_1_C5,0.875,-31.4,3.6,-35.0,35.9,0.5,-35.5,,,,,,,,,,,Not Started,242.09534046296505,32.460515105803175
BH24_2_C1,0.875,-31.3,7.7,-39.0,39.9,0.5,-39.5,,,,,,,,,,,Not Started,240.94567735380207,37.30224396327117
BH24_2_C2,0.875,-31.3,8.7,-40.0,40.9,0.5,-40.5,,,,,,,,,,,Not Started,240.40985162001283,29.168438254857982
BH24_2_C3,0.875,-31.3,6.7,-38.0,38.9,0.5,-38.5,,,,,,,,,,,Not Started,237.56204860696855,48.10862742372709
BH24_2_C4,0.875,-31.3,6.7,-38.0,38.9,0.5,-38.5,,,,,,,,,,,Not Started,239.2062948183566,18.743528976185203
BH24_2_C5,0.875,-31.3,7.7,-39.0,39.9,0.5,-39.5,,,,,,,,,,,Not Started,238.59121420609034,14.285604314093037
BH24_2_C6,0.875,-31.3,5.7,-37.0,37.9,0.5,-37.5,,,,,,,,,,,Not Started,238.4639378602745,43.429956409473014
BH24_2_C7,0.875,-31.3,3.7,-35.0,35.9,0.5,-35.5,,,,,,,,,,,Not Started,242.83806332851466,11.179791925972632
BH24_2_C8,0.875,-31.3,3.7,-35.0,35.9,0.5,-35.5,,,,,,,,,,,Not Started,239.35858634800056,48.161126972030566
BH24_2_C9,0.875,-31.3,3.7,-35.0,35.9,0.5,-35.5,,,,,,,,,,,Not Started,242.35227933106268,0.6077237344908171
BH24_3_C1,0.875,-31.0,6.0,-37.0,37.9,0.5,-37.5,,,,,,,,,,,Not Started,240.78683175598357,48.493941335381955
BH24_3_C2,0.875,-30.9,10.1,-41.0,41.9,0.5,-41.5,,,,,,,,,,,Not Started,241.7688678212499,2.1579955975288057
BH24_3_C3,0.875,-30.6,9.4,-40.0,40.9,0.5,-40.5,,,,,,,,,,,Not Started,240.01582255863116,44.557155684903556
BH24_3_C4,0.875,-31.4,5.6,-37.0,37.9,0.5,-37.5,,,,,,,,,,,Not Started,240.46142330775817,26.385055454314994
BH24_3_C5,0.875,-31.4,8.6,-40.0,40.9,0.5,-40.5,,,,,,,,,,,Not Started,239.95510616291318,49.64823980596502
BH24_3_C6,0.875,-31.4,7.6,-39.0,39.9,0.5,-39.5,,,,,,,,,,,Not Started,238.17145792678826,3.689828236769943
BH24_4_C1,0.875,-29.3,4.7,-34.0,34.9,0.5,-34.5,,,,,,,,,,,Not Started,241.33471269156902,27.69271422006604
BH24_4_C2,0.875,-28.9,9.1,-38.0,38.9,0.5,-38.5,,,,,,,,,,,Not Started,238.68463417464514,48.46512678095495
BH24_4_C3,0.875,-28.4,8.6,-37.0,37.9,0.5,-37.5,,,,,,,,,,,Not Started,237.14589579858873,26.15489220850744
BH24_4_C4,0.875,-30.2,6.8,-37.0,37.9,0.5,-37.5,,,,,,,,,,,Not Started,240.872833775443,31.469931906763126
BH24_4_C5,0.875,-29.9,11.1,-41.0,41.9,0.5,-41.5,,,,,,,,,,,Not Started,238.0626640764423,34.78743444923086
BH24_4_C6,0.875,-29.8,10.2,-40.0,40.9,0.5,-40.5,,,,,,,,,,,Not Started,242.6427515061175,22.727053238388663
,,,,,10243.369999999963,,,,,,,,,,,,,Not Started,2.7235714620155242,31.377904004203174
